#	id	added_at	time_step	total_deaths_in_region	total_sick_in_region	region_id
1	1	2020-03-04 12:00:00.000000	1	0	1	1
2	2	2020-03-04 12:00:00.000000	1	0	1	2
3	3	2020-03-04 12:00:00.000000	1	0	0	3
4	4	2020-03-04 12:00:00.000000	1	0	0	4
5	5	2020-03-04 12:00:00.000000	1	0	1	5
6	6	2020-03-04 12:00:00.000000	1	0	0	6
7	7	2020-03-04 12:00:00.000000	1	0	0	7
8	8	2020-03-04 12:00:00.000000	1	0	0	8
9	9	2020-03-04 12:00:00.000000	1	0	0	9
10	10	2020-03-04 12:00:00.000000	1	0	0	10
11	11	2020-03-04 12:00:00.000000	1	0	0	11
12	12	2020-03-04 12:00:00.000000	1	0	0	12
13	13	2020-03-04 12:00:00.000000	1	0	0	13
14	14	2020-03-04 12:00:00.000000	1	0	0	14
15	15	2020-03-04 12:00:00.000000	1	0	0	15
16	16	2020-03-04 12:00:00.000000	1	0	0	16
17	17	2020-03-04 12:00:00.000000	1	0	0	17
18	18	2020-03-05 12:00:00.000000	2	0	1	1
19	19	2020-03-05 12:00:00.000000	2	0	0	2
20	20	2020-03-05 12:00:00.000000	2	0	0	3
21	21	2020-03-05 12:00:00.000000	2	0	0	4
22	22	2020-03-05 12:00:00.000000	2	0	1	5
23	23	2020-03-05 12:00:00.000000	2	0	0	6
24	24	2020-03-05 12:00:00.000000	2	0	0	7
25	25	2020-03-05 12:00:00.000000	2	0	0	8
26	26	2020-03-05 12:00:00.000000	2	0	0	9
27	27	2020-03-05 12:00:00.000000	2	0	0	10
28	28	2020-03-05 12:00:00.000000	2	0	0	11
29	29	2020-03-05 12:00:00.000000	2	0	0	12
30	30	2020-03-05 12:00:00.000000	2	0	0	13
31	31	2020-03-05 12:00:00.000000	2	0	0	14
32	32	2020-03-05 12:00:00.000000	2	0	0	15
33	33	2020-03-05 12:00:00.000000	2	0	0	16
34	34	2020-03-05 12:00:00.000000	2	0	0	17
35	35	2020-03-06 12:00:00.000000	3	0	5	1
36	36	2020-03-06 12:00:00.000000	3	0	1	2
37	37	2020-03-06 12:00:00.000000	3	0	0	3
38	38	2020-03-06 12:00:00.000000	3	0	0	4
39	39	2020-03-06 12:00:00.000000	3	0	1	5
40	40	2020-03-06 12:00:00.000000	3	0	0	6
41	41	2020-03-06 12:00:00.000000	3	0	0	7
42	42	2020-03-06 12:00:00.000000	3	0	0	8
43	43	2020-03-06 12:00:00.000000	3	0	0	9
44	44	2020-03-06 12:00:00.000000	3	0	0	10
45	45	2020-03-06 12:00:00.000000	3	0	0	11
46	46	2020-03-06 12:00:00.000000	3	0	0	12
47	47	2020-03-06 12:00:00.000000	3	0	0	13
48	48	2020-03-06 12:00:00.000000	3	0	0	14
49	49	2020-03-06 12:00:00.000000	3	0	1	15
50	50	2020-03-06 12:00:00.000000	3	0	0	16
51	51	2020-03-06 12:00:00.000000	3	0	2	17
52	52	2020-03-07 12:00:00.000000	4	0	6	1
53	53	2020-03-07 12:00:00.000000	4	0	1	2
54	54	2020-03-07 12:00:00.000000	4	0	0	3
55	55	2020-03-07 12:00:00.000000	4	0	0	4
56	56	2020-03-07 12:00:00.000000	4	0	1	5
57	57	2020-03-07 12:00:00.000000	4	0	0	6
58	58	2020-03-07 12:00:00.000000	4	0	0	7
59	59	2020-03-07 12:00:00.000000	4	0	0	8
60	60	2020-03-07 12:00:00.000000	4	0	0	9
61	61	2020-03-07 12:00:00.000000	4	0	0	10
62	62	2020-03-07 12:00:00.000000	4	0	0	11
63	63	2020-03-07 12:00:00.000000	4	0	0	12
64	64	2020-03-07 12:00:00.000000	4	0	0	13
65	65	2020-03-07 12:00:00.000000	4	0	0	14
66	66	2020-03-07 12:00:00.000000	4	0	2	15
67	67	2020-03-07 12:00:00.000000	4	0	0	16
68	68	2020-03-07 12:00:00.000000	4	0	2	17
69	69	2020-03-08 12:00:00.000000	5	0	11	1
70	70	2020-03-08 12:00:00.000000	5	0	2	2
71	71	2020-03-08 12:00:00.000000	5	0	0	3
72	72	2020-03-08 12:00:00.000000	5	0	0	4
73	73	2020-03-08 12:00:00.000000	5	0	1	5
74	74	2020-03-08 12:00:00.000000	5	0	0	6
75	75	2020-03-08 12:00:00.000000	5	0	0	7
76	76	2020-03-08 12:00:00.000000	5	0	2	8
77	77	2020-03-08 12:00:00.000000	5	0	0	9
78	78	2020-03-08 12:00:00.000000	5	0	0	10
79	79	2020-03-08 12:00:00.000000	5	0	0	11
80	80	2020-03-08 12:00:00.000000	5	0	0	12
81	81	2020-03-08 12:00:00.000000	5	0	2	13
82	82	2020-03-08 12:00:00.000000	5	0	0	14
83	83	2020-03-08 12:00:00.000000	5	0	2	15
84	84	2020-03-08 12:00:00.000000	5	0	0	16
85	85	2020-03-08 12:00:00.000000	5	0	2	17
86	86	2020-03-09 12:00:00.000000	6	0	17	1
87	87	2020-03-09 12:00:00.000000	6	0	3	2
88	88	2020-03-09 12:00:00.000000	6	0	0	3
89	89	2020-03-09 12:00:00.000000	6	0	0	4
90	90	2020-03-09 12:00:00.000000	6	0	1	5
91	91	2020-03-09 12:00:00.000000	6	0	0	6
92	92	2020-03-09 12:00:00.000000	6	0	1	7
93	93	2020-03-09 12:00:00.000000	6	0	2	8
94	94	2020-03-09 12:00:00.000000	6	0	0	9
95	95	2020-03-09 12:00:00.000000	6	0	0	10
96	96	2020-03-09 12:00:00.000000	6	0	0	11
97	97	2020-03-09 12:00:00.000000	6	0	0	12
98	98	2020-03-09 12:00:00.000000	6	0	5	13
99	99	2020-03-09 12:00:00.000000	6	0	0	14
100	100	2020-03-09 12:00:00.000000	6	0	2	15
101	101	2020-03-09 12:00:00.000000	6	0	1	16
102	102	2020-03-09 12:00:00.000000	6	0	2	17
103	103	2020-03-10 12:00:00.000000	7	0	22	1
104	104	2020-03-10 12:00:00.000000	7	0	4	2
105	105	2020-03-10 12:00:00.000000	7	0	0	3
106	106	2020-03-10 12:00:00.000000	7	0	1	4
107	107	2020-03-10 12:00:00.000000	7	0	1	5
108	108	2020-03-10 12:00:00.000000	7	0	0	6
109	109	2020-03-10 12:00:00.000000	7	0	1	7
110	110	2020-03-10 12:00:00.000000	7	0	3	8
111	111	2020-03-10 12:00:00.000000	7	0	0	9
112	112	2020-03-10 12:00:00.000000	7	0	0	10
113	113	2020-03-10 12:00:00.000000	7	0	0	11
114	114	2020-03-10 12:00:00.000000	7	0	0	12
115	115	2020-03-10 12:00:00.000000	7	0	7	13
116	116	2020-03-10 12:00:00.000000	7	0	0	14
117	117	2020-03-10 12:00:00.000000	7	0	2	15
118	118	2020-03-10 12:00:00.000000	7	0	1	16
119	119	2020-03-10 12:00:00.000000	7	0	2	17
120	120	2020-03-11 12:00:00.000000	8	0	31	1
121	121	2020-03-11 12:00:00.000000	8	0	4	2
122	122	2020-03-11 12:00:00.000000	8	0	0	3
123	123	2020-03-11 12:00:00.000000	8	0	2	4
124	124	2020-03-11 12:00:00.000000	8	0	1	5
125	125	2020-03-11 12:00:00.000000	8	0	1	6
126	126	2020-03-11 12:00:00.000000	8	0	1	7
127	127	2020-03-11 12:00:00.000000	8	0	4	8
128	128	2020-03-11 12:00:00.000000	8	0	1	9
129	129	2020-03-11 12:00:00.000000	8	0	1	10
130	130	2020-03-11 12:00:00.000000	8	0	0	11
131	131	2020-03-11 12:00:00.000000	8	0	0	12
132	132	2020-03-11 12:00:00.000000	8	0	8	13
133	133	2020-03-11 12:00:00.000000	8	0	0	14
134	134	2020-03-11 12:00:00.000000	8	0	4	15
135	135	2020-03-11 12:00:00.000000	8	0	2	16
136	136	2020-03-11 12:00:00.000000	8	0	2	17
137	137	2020-03-12 12:00:00.000000	9	1	51	1
138	138	2020-03-12 12:00:00.000000	9	0	7	2
139	139	2020-03-12 12:00:00.000000	9	0	0	3
140	140	2020-03-12 12:00:00.000000	9	0	6	4
141	141	2020-03-12 12:00:00.000000	9	0	1	5
142	142	2020-03-12 12:00:00.000000	9	0	2	6
143	143	2020-03-12 12:00:00.000000	9	0	1	7
144	144	2020-03-12 12:00:00.000000	9	0	6	8
145	145	2020-03-12 12:00:00.000000	9	0	2	9
146	146	2020-03-12 12:00:00.000000	9	0	3	10
147	147	2020-03-12 12:00:00.000000	9	0	0	11
148	148	2020-03-12 12:00:00.000000	9	0	0	12
149	149	2020-03-12 12:00:00.000000	9	0	11	13
150	150	2020-03-12 12:00:00.000000	9	0	0	14
151	151	2020-03-12 12:00:00.000000	9	0	4	15
152	152	2020-03-12 12:00:00.000000	9	1	5	16
153	153	2020-03-12 12:00:00.000000	9	0	3	17
154	154	2020-03-13 12:00:00.000000	10	2	68	1
155	155	2020-03-13 12:00:00.000000	10	1	8	2
156	156	2020-03-13 12:00:00.000000	10	0	0	3
157	157	2020-03-13 12:00:00.000000	10	0	7	4
158	158	2020-03-13 12:00:00.000000	10	0	1	5
159	159	2020-03-13 12:00:00.000000	10	0	5	6
160	160	2020-03-13 12:00:00.000000	10	0	1	7
161	161	2020-03-13 12:00:00.000000	10	0	11	8
162	162	2020-03-13 12:00:00.000000	10	0	2	9
163	163	2020-03-13 12:00:00.000000	10	0	6	10
164	164	2020-03-13 12:00:00.000000	10	0	0	11
165	165	2020-03-13 12:00:00.000000	10	0	0	12
166	166	2020-03-13 12:00:00.000000	10	0	12	13
167	167	2020-03-13 12:00:00.000000	10	0	0	14
168	168	2020-03-13 12:00:00.000000	10	0	4	15
169	169	2020-03-13 12:00:00.000000	10	1	6	16
170	170	2020-03-13 12:00:00.000000	10	0	5	17
171	171	2020-03-14 12:00:00.000000	11	3	104	1
172	172	2020-03-14 12:00:00.000000	11	1	13	2
173	173	2020-03-14 12:00:00.000000	11	0	0	3
174	174	2020-03-14 12:00:00.000000	11	1	15	4
175	175	2020-03-14 12:00:00.000000	11	0	1	5
176	176	2020-03-14 12:00:00.000000	11	0	15	6
177	177	2020-03-14 12:00:00.000000	11	0	1	7
178	178	2020-03-14 12:00:00.000000	11	0	16	8
179	179	2020-03-14 12:00:00.000000	11	0	4	9
180	180	2020-03-14 12:00:00.000000	11	0	7	10
181	181	2020-03-14 12:00:00.000000	11	0	0	11
182	182	2020-03-14 12:00:00.000000	11	0	2	12
183	183	2020-03-14 12:00:00.000000	11	0	12	13
184	184	2020-03-14 12:00:00.000000	11	0	2	14
185	185	2020-03-14 12:00:00.000000	11	0	4	15
186	186	2020-03-14 12:00:00.000000	11	1	7	16
187	187	2020-03-14 12:00:00.000000	11	0	5	17
188	188	2020-03-15 12:00:00.000000	12	3	125	1
189	189	2020-03-15 12:00:00.000000	12	1	15	2
190	190	2020-03-15 12:00:00.000000	12	0	0	3
191	191	2020-03-15 12:00:00.000000	12	1	17	4
192	192	2020-03-15 12:00:00.000000	12	0	2	5
193	193	2020-03-15 12:00:00.000000	12	0	19	6
194	194	2020-03-15 12:00:00.000000	12	0	1	7
195	195	2020-03-15 12:00:00.000000	12	0	22	8
196	196	2020-03-15 12:00:00.000000	12	0	4	9
197	197	2020-03-15 12:00:00.000000	12	0	8	10
198	198	2020-03-15 12:00:00.000000	12	0	0	11
199	199	2020-03-15 12:00:00.000000	12	0	2	12
200	200	2020-03-15 12:00:00.000000	12	0	14	13
201	201	2020-03-15 12:00:00.000000	12	0	3	14
202	202	2020-03-15 12:00:00.000000	12	0	5	15
203	203	2020-03-15 12:00:00.000000	12	1	7	16
204	204	2020-03-15 12:00:00.000000	12	0	6	17
205	205	2020-03-16 12:00:00.000000	13	4	177	1
206	206	2020-03-16 12:00:00.000000	13	1	27	2
207	207	2020-03-16 12:00:00.000000	13	0	0	3
208	208	2020-03-16 12:00:00.000000	13	1	18	4
209	209	2020-03-16 12:00:00.000000	13	0	2	5
210	210	2020-03-16 12:00:00.000000	13	0	32	6
211	211	2020-03-16 12:00:00.000000	13	0	2	7
212	212	2020-03-16 12:00:00.000000	13	0	35	8
213	213	2020-03-16 12:00:00.000000	13	0	6	9
214	214	2020-03-16 12:00:00.000000	13	1	11	10
215	215	2020-03-16 12:00:00.000000	13	0	0	11
216	216	2020-03-16 12:00:00.000000	13	0	2	12
217	217	2020-03-16 12:00:00.000000	13	0	17	13
218	218	2020-03-16 12:00:00.000000	13	0	3	14
219	219	2020-03-16 12:00:00.000000	13	0	5	15
220	220	2020-03-16 12:00:00.000000	13	1	11	16
221	221	2020-03-16 12:00:00.000000	13	0	6	17
222	222	2020-03-17 12:00:00.000000	14	5	238	1
223	223	2020-03-17 12:00:00.000000	14	2	38	2
224	224	2020-03-17 12:00:00.000000	14	0	8	3
225	225	2020-03-17 12:00:00.000000	14	1	22	4
226	226	2020-03-17 12:00:00.000000	14	0	2	5
227	227	2020-03-17 12:00:00.000000	14	0	43	6
228	228	2020-03-17 12:00:00.000000	14	0	5	7
229	229	2020-03-17 12:00:00.000000	14	0	38	8
230	230	2020-03-17 12:00:00.000000	14	0	8	9
231	231	2020-03-17 12:00:00.000000	14	1	11	10
232	232	2020-03-17 12:00:00.000000	14	0	1	11
233	233	2020-03-17 12:00:00.000000	14	0	8	12
234	234	2020-03-17 12:00:00.000000	14	0	23	13
235	235	2020-03-17 12:00:00.000000	14	0	3	14
236	236	2020-03-17 12:00:00.000000	14	0	7	15
237	237	2020-03-17 12:00:00.000000	14	1	13	16
238	238	2020-03-17 12:00:00.000000	14	0	8	17
239	239	2020-03-18 12:00:00.000000	15	5	287	1
240	240	2020-03-18 12:00:00.000000	15	2	40	2
241	241	2020-03-18 12:00:00.000000	15	0	8	3
242	242	2020-03-18 12:00:00.000000	15	1	22	4
243	243	2020-03-18 12:00:00.000000	15	0	3	5
244	244	2020-03-18 12:00:00.000000	15	0	42	6
245	245	2020-03-18 12:00:00.000000	15	0	6	7
246	246	2020-03-18 12:00:00.000000	15	0	66	8
247	247	2020-03-18 12:00:00.000000	15	0	9	9
248	248	2020-03-18 12:00:00.000000	15	1	14	10
249	249	2020-03-18 12:00:00.000000	15	0	2	11
250	250	2020-03-18 12:00:00.000000	15	0	9	12
251	251	2020-03-18 12:00:00.000000	15	0	30	13
252	252	2020-03-18 12:00:00.000000	15	0	4	14
253	253	2020-03-18 12:00:00.000000	15	0	11	15
254	254	2020-03-18 12:00:00.000000	15	1	13	16
255	255	2020-03-18 12:00:00.000000	15	0	8	17
256	256	2020-03-19 21:12:43.145068	16	5	355	1
257	257	2020-03-19 21:12:43.145068	16	2	53	2
258	258	2020-03-19 21:12:43.145068	16	0	11	3
259	259	2020-03-19 21:12:43.145068	16	1	25	4
260	260	2020-03-19 21:12:43.145068	16	0	9	5
261	261	2020-03-19 21:12:43.145068	16	0	48	6
262	262	2020-03-19 21:12:43.145068	16	0	7	7
263	263	2020-03-19 21:12:43.145068	16	0	82	8
264	264	2020-03-19 21:12:43.145068	16	0	10	9
265	265	2020-03-19 21:12:43.145068	16	1	17	10
266	266	2020-03-19 21:12:43.145068	16	0	1	11
267	267	2020-03-19 21:12:43.145068	16	0	9	12
268	268	2020-03-19 21:12:43.145068	16	0	42	13
269	269	2020-03-19 21:12:43.145068	16	0	5	14
270	270	2020-03-19 21:12:43.145068	16	0	12	15
271	271	2020-03-19 21:12:43.145068	16	1	15	16
272	272	2020-03-19 21:12:43.145068	16	0	9	17
273	273	2020-03-20 09:00:38.634124	17	5	367	1
274	274	2020-03-20 09:00:38.634124	17	2	53	2
275	275	2020-03-20 09:00:38.634124	17	0	11	3
276	276	2020-03-20 09:00:38.634124	17	1	25	4
277	277	2020-03-20 09:00:38.634124	17	0	9	5
278	278	2020-03-20 09:00:38.634124	17	0	48	6
279	279	2020-03-20 09:00:38.634124	17	0	12	7
280	280	2020-03-20 09:00:38.634124	17	0	82	8
281	281	2020-03-20 09:00:38.634124	17	0	10	9
282	282	2020-03-20 09:00:38.634124	17	1	17	10
283	283	2020-03-20 09:00:38.634124	17	0	1	11
284	284	2020-03-20 09:00:38.634124	17	0	9	12
285	285	2020-03-20 09:00:38.634124	17	0	43	13
286	286	2020-03-20 09:00:38.634124	17	0	6	14
287	287	2020-03-20 09:00:38.634124	17	0	16	15
288	288	2020-03-20 09:00:38.634124	17	1	16	16
289	289	2020-03-20 09:00:38.634124	17	0	9	17
290	290	2020-03-20 11:34:58.633637	18	6	378	1
291	291	2020-03-20 11:34:58.633637	18	2	56	2
292	292	2020-03-20 11:34:58.633637	18	0	11	3
293	293	2020-03-20 11:34:58.633637	18	1	28	4
294	294	2020-03-20 11:34:58.633637	18	0	9	5
295	295	2020-03-20 11:34:58.633637	18	0	48	6
296	296	2020-03-20 11:34:58.633637	18	0	13	7
297	297	2020-03-20 11:34:58.633637	18	0	82	8
298	298	2020-03-20 11:34:58.633637	18	0	10	9
299	299	2020-03-20 11:34:58.633637	18	2	18	10
300	300	2020-03-20 11:34:58.633637	18	0	2	11
301	301	2020-03-20 11:34:58.633637	18	0	9	12
302	302	2020-03-20 11:34:58.633637	18	0	43	13
303	303	2020-03-20 11:34:58.633637	18	0	6	14
304	304	2020-03-20 11:34:58.633637	18	0	16	15
305	305	2020-03-20 11:34:58.633637	18	1	18	16
306	306	2020-03-20 11:34:58.633637	18	0	9	17
307	307	2020-03-20 16:40:58.629081	19	5	411	1
308	308	2020-03-20 16:40:58.629081	19	2	58	2
309	309	2020-03-20 16:40:58.629081	19	0	14	3
310	310	2020-03-20 16:40:58.629081	19	1	28	4
311	311	2020-03-20 16:40:58.629081	19	0	9	5
312	312	2020-03-20 16:40:58.629081	19	0	48	6
313	313	2020-03-20 16:40:58.629081	19	0	13	7
314	314	2020-03-20 16:40:58.629081	19	0	107	8
315	315	2020-03-20 16:40:58.629081	19	0	10	9
316	316	2020-03-20 16:40:58.629081	19	1	19	10
317	317	2020-03-20 16:40:58.629081	19	0	3	11
318	318	2020-03-20 16:40:58.629081	19	0	10	12
319	319	2020-03-20 16:40:58.629081	19	0	43	13
320	320	2020-03-20 16:40:58.629081	19	0	6	14
321	321	2020-03-20 16:40:58.629081	19	0	16	15
322	322	2020-03-20 16:40:58.629081	19	1	18	16
323	323	2020-03-20 16:40:58.629081	19	0	9	17
324	324	2020-03-20 20:31:07.028003	20	5	425	1
325	325	2020-03-20 20:31:07.028003	20	2	58	2
326	326	2020-03-20 20:31:07.028003	20	0	14	3
327	327	2020-03-20 20:31:07.028003	20	1	28	4
328	328	2020-03-20 20:31:07.028003	20	0	9	5
329	329	2020-03-20 20:31:07.028003	20	0	57	6
330	330	2020-03-20 20:31:07.028003	20	0	14	7
331	331	2020-03-20 20:31:07.028003	20	0	107	8
332	332	2020-03-20 20:31:07.028003	20	0	10	9
333	333	2020-03-20 20:31:07.028003	20	1	19	10
334	334	2020-03-20 20:31:07.028003	20	0	3	11
335	335	2020-03-20 20:31:07.028003	20	0	10	12
336	336	2020-03-20 20:31:07.028003	20	0	46	13
337	337	2020-03-20 20:31:07.028003	20	0	6	14
338	338	2020-03-20 20:31:07.028003	20	0	17	15
339	339	2020-03-20 20:31:07.028003	20	1	18	16
340	340	2020-03-20 20:31:07.028003	20	0	9	17
341	341	2020-03-21 08:46:18.626153	21	5	439	1
342	342	2020-03-21 08:46:18.626153	21	2	58	2
343	343	2020-03-21 08:46:18.626153	21	0	15	3
344	344	2020-03-21 08:46:18.626153	21	1	29	4
345	345	2020-03-21 08:46:18.626153	21	0	9	5
346	346	2020-03-21 08:46:18.626153	21	0	57	6
347	347	2020-03-21 08:46:18.626153	21	0	14	7
348	348	2020-03-21 08:46:18.626153	21	0	107	8
349	349	2020-03-21 08:46:18.626153	21	0	10	9
350	350	2020-03-21 08:46:18.626153	21	1	19	10
351	351	2020-03-21 08:46:18.626153	21	0	3	11
352	352	2020-03-21 08:46:18.626153	21	0	11	12
353	353	2020-03-21 08:46:18.626153	21	0	49	13
354	354	2020-03-21 08:46:18.626153	21	0	6	14
355	355	2020-03-21 08:46:18.626153	21	0	20	15
356	356	2020-03-21 08:46:18.626153	21	1	22	16
357	357	2020-03-21 08:46:18.626153	21	0	10	17
358	358	2020-03-21 13:32:07.020411	22	5	452	1
359	359	2020-03-21 13:32:07.020411	22	2	61	2
360	360	2020-03-21 13:32:07.020411	22	0	16	3
361	361	2020-03-21 13:32:07.020411	22	1	30	4
362	362	2020-03-21 13:32:07.020411	22	0	9	5
363	363	2020-03-21 13:32:07.020411	22	0	57	6
364	364	2020-03-21 13:32:07.020411	22	0	15	7
365	365	2020-03-21 13:32:07.020411	22	0	107	8
366	366	2020-03-21 13:32:07.020411	22	0	10	9
367	367	2020-03-21 13:32:07.020411	22	1	20	10
368	368	2020-03-21 13:32:07.020411	22	0	5	11
369	369	2020-03-21 13:32:07.020411	22	0	11	12
370	370	2020-03-21 13:32:07.020411	22	0	49	13
371	371	2020-03-21 13:32:07.020411	22	0	6	14
372	372	2020-03-21 13:32:07.020411	22	0	20	15
373	373	2020-03-21 13:32:07.020411	22	1	26	16
374	374	2020-03-21 13:32:07.020411	22	0	10	17
375	375	2020-03-21 13:34:58.632307	23	5	439	1
376	376	2020-03-21 13:34:58.632307	23	2	58	2
377	377	2020-03-21 13:34:58.632307	23	0	15	3
378	378	2020-03-21 13:34:58.632307	23	1	29	4
379	379	2020-03-21 13:34:58.632307	23	0	9	5
380	380	2020-03-21 13:34:58.632307	23	0	57	6
381	381	2020-03-21 13:34:58.632307	23	0	14	7
382	382	2020-03-21 13:34:58.632307	23	0	107	8
383	383	2020-03-21 13:34:58.632307	23	0	10	9
384	384	2020-03-21 13:34:58.632307	23	1	19	10
385	385	2020-03-21 13:34:58.632307	23	0	3	11
386	386	2020-03-21 13:34:58.632307	23	0	11	12
387	387	2020-03-21 13:34:58.632307	23	0	49	13
388	388	2020-03-21 13:34:58.632307	23	0	6	14
389	389	2020-03-21 13:34:58.632307	23	0	20	15
390	390	2020-03-21 13:34:58.632307	23	1	22	16
391	391	2020-03-21 13:34:58.632307	23	0	10	17
392	392	2020-03-21 13:36:27.016060	24	5	452	1
393	393	2020-03-21 13:36:27.016060	24	2	61	2
394	394	2020-03-21 13:36:27.016060	24	0	16	3
395	395	2020-03-21 13:36:27.016060	24	1	30	4
396	396	2020-03-21 13:36:27.016060	24	0	9	5
397	397	2020-03-21 13:36:27.016060	24	0	57	6
398	398	2020-03-21 13:36:27.016060	24	0	15	7
399	399	2020-03-21 13:36:27.016060	24	0	107	8
400	400	2020-03-21 13:36:27.016060	24	0	10	9
401	401	2020-03-21 13:36:27.016060	24	1	20	10
402	402	2020-03-21 13:36:27.016060	24	0	5	11
403	403	2020-03-21 13:36:27.016060	24	0	11	12
404	404	2020-03-21 13:36:27.016060	24	0	49	13
405	405	2020-03-21 13:36:27.016060	24	0	6	14
406	406	2020-03-21 13:36:27.016060	24	0	20	15
407	407	2020-03-21 13:36:27.016060	24	1	26	16
408	408	2020-03-21 13:36:27.016060	24	0	10	17
409	409	2020-03-21 18:42:07.016300	25	5	492	1
410	410	2020-03-21 18:42:07.016300	25	2	66	2
411	411	2020-03-21 18:42:07.016300	25	0	16	3
412	412	2020-03-21 18:42:07.016300	25	1	30	4
413	413	2020-03-21 18:42:07.016300	25	0	9	5
414	414	2020-03-21 18:42:07.016300	25	0	76	6
415	415	2020-03-21 18:42:07.016300	25	0	16	7
416	416	2020-03-21 18:42:07.016300	25	0	107	8
417	417	2020-03-21 18:42:07.016300	25	0	10	9
418	418	2020-03-21 18:42:07.016300	25	1	25	10
419	419	2020-03-21 18:42:07.016300	25	0	5	11
420	420	2020-03-21 18:42:07.016300	25	0	14	12
421	421	2020-03-21 18:42:07.016300	25	0	56	13
422	422	2020-03-21 18:42:07.016300	25	0	6	14
423	423	2020-03-21 18:42:07.016300	25	0	20	15
424	424	2020-03-21 18:42:07.016300	25	1	26	16
425	425	2020-03-21 18:42:07.016300	25	0	10	17
426	426	2020-03-21 20:52:07.014995	26	5	536	1
427	427	2020-03-21 20:52:07.014995	26	2	66	2
428	428	2020-03-21 20:52:07.014995	26	0	18	3
429	429	2020-03-21 20:52:07.014995	26	1	31	4
430	430	2020-03-21 20:52:07.014995	26	0	9	5
431	431	2020-03-21 20:52:07.014995	26	0	91	6
432	432	2020-03-21 20:52:07.014995	26	0	16	7
433	433	2020-03-21 20:52:07.014995	26	0	127	8
434	434	2020-03-21 20:52:07.014995	26	0	10	9
435	435	2020-03-21 20:52:07.014995	26	1	25	10
436	436	2020-03-21 20:52:07.014995	26	0	5	11
437	437	2020-03-21 20:52:07.014995	26	0	14	12
438	438	2020-03-21 20:52:07.014995	26	0	56	13
439	439	2020-03-21 20:52:07.014995	26	0	7	14
440	440	2020-03-21 20:52:07.014995	26	0	20	15
441	441	2020-03-21 20:52:07.014995	26	1	31	16
442	442	2020-03-21 20:52:07.014995	26	0	10	17
443	443	2020-03-22 09:02:07.015293	27	5	547	1
444	444	2020-03-22 09:02:07.015293	27	2	66	2
445	445	2020-03-22 09:02:07.015293	27	0	18	3
446	446	2020-03-22 09:02:07.015293	27	1	31	4
447	447	2020-03-22 09:02:07.015293	27	0	9	5
448	448	2020-03-22 09:02:07.015293	27	0	91	6
449	449	2020-03-22 09:02:07.015293	27	0	16	7
450	450	2020-03-22 09:02:07.015293	27	0	127	8
451	451	2020-03-22 09:02:07.015293	27	0	10	9
452	452	2020-03-22 09:02:07.015293	27	1	26	10
453	453	2020-03-22 09:02:07.015293	27	0	5	11
454	454	2020-03-22 09:02:07.015293	27	0	16	12
455	455	2020-03-22 09:02:07.015293	27	0	61	13
456	456	2020-03-22 09:02:07.015293	27	0	7	14
457	457	2020-03-22 09:02:07.015293	27	0	21	15
458	458	2020-03-22 09:02:07.015293	27	1	31	16
459	459	2020-03-22 09:02:07.015293	27	0	12	17
460	460	2020-03-22 11:12:07.016199	28	6	547	1
461	461	2020-03-22 11:12:07.016199	28	2	66	2
462	462	2020-03-22 11:12:07.016199	28	0	18	3
463	463	2020-03-22 11:12:07.016199	28	1	31	4
464	464	2020-03-22 11:12:07.016199	28	0	9	5
465	465	2020-03-22 11:12:07.016199	28	0	91	6
466	466	2020-03-22 11:12:07.016199	28	0	16	7
467	467	2020-03-22 11:12:07.016199	28	0	127	8
468	468	2020-03-22 11:12:07.016199	28	0	10	9
469	469	2020-03-22 11:12:07.016199	28	1	26	10
470	470	2020-03-22 11:12:07.016199	28	0	5	11
471	471	2020-03-22 11:12:07.016199	28	0	16	12
472	472	2020-03-22 11:12:07.016199	28	0	61	13
473	473	2020-03-22 11:12:07.016199	28	0	7	14
474	474	2020-03-22 11:12:07.016199	28	0	21	15
475	475	2020-03-22 11:12:07.016199	28	2	31	16
476	476	2020-03-22 11:12:07.016199	28	0	12	17
477	477	2020-03-22 12:31:58.628273	29	7	563	1
478	478	2020-03-22 12:31:58.628273	29	2	69	2
479	479	2020-03-22 12:31:58.628273	29	0	18	3
480	480	2020-03-22 12:31:58.628273	29	1	36	4
481	481	2020-03-22 12:31:58.628273	29	0	9	5
482	482	2020-03-22 12:31:58.628273	29	0	91	6
483	483	2020-03-22 12:31:58.628273	29	0	20	7
484	484	2020-03-22 12:31:58.628273	29	1	127	8
485	485	2020-03-22 12:31:58.628273	29	0	11	9
486	486	2020-03-22 12:31:58.628273	29	1	28	10
487	487	2020-03-22 12:31:58.628273	29	0	5	11
488	488	2020-03-22 12:31:58.628273	29	0	17	12
489	489	2020-03-22 12:31:58.628273	29	0	61	13
490	490	2020-03-22 12:31:58.628273	29	0	7	14
491	491	2020-03-22 12:31:58.628273	29	0	21	15
492	492	2020-03-22 12:31:58.628273	29	2	31	16
493	493	2020-03-22 12:31:58.628273	29	0	12	17
494	494	2020-03-22 18:02:18.629233	30	7	627	1
495	495	2020-03-22 18:02:18.629233	30	2	79	2
496	496	2020-03-22 18:02:18.629233	30	0	18	3
497	497	2020-03-22 18:02:18.629233	30	1	37	4
498	498	2020-03-22 18:02:18.629233	30	0	11	5
499	499	2020-03-22 18:02:18.629233	30	0	106	6
500	500	2020-03-22 18:02:18.629233	30	0	24	7
501	501	2020-03-22 18:02:18.629233	30	1	147	8
502	502	2020-03-22 18:02:18.629233	30	0	11	9
503	503	2020-03-22 18:02:18.629233	30	1	28	10
504	504	2020-03-22 18:02:18.629233	30	0	5	11
505	505	2020-03-22 18:02:18.629233	30	0	17	12
506	506	2020-03-22 18:02:18.629233	30	0	66	13
507	507	2020-03-22 18:02:18.629233	30	0	7	14
508	508	2020-03-22 18:02:18.629233	30	0	22	15
509	509	2020-03-22 18:02:18.629233	30	2	37	16
510	510	2020-03-22 18:02:18.629233	30	0	12	17
511	511	2020-03-22 21:13:38.629677	31	7	634	1
512	512	2020-03-22 21:13:38.629677	31	2	79	2
513	513	2020-03-22 21:13:38.629677	31	0	18	3
514	514	2020-03-22 21:13:38.629677	31	1	39	4
515	515	2020-03-22 21:13:38.629677	31	0	11	5
516	516	2020-03-22 21:13:38.629677	31	0	106	6
517	517	2020-03-22 21:13:38.629677	31	0	24	7
518	518	2020-03-22 21:13:38.629677	31	1	147	8
519	519	2020-03-22 21:13:38.629677	31	0	14	9
520	520	2020-03-22 21:13:38.629677	31	1	29	10
521	521	2020-03-22 21:13:38.629677	31	0	6	11
522	522	2020-03-22 21:13:38.629677	31	0	17	12
523	523	2020-03-22 21:13:38.629677	31	0	66	13
524	524	2020-03-22 21:13:38.629677	31	0	7	14
525	525	2020-03-22 21:13:38.629677	31	0	22	15
526	526	2020-03-22 21:13:38.629677	31	2	36	16
527	527	2020-03-22 21:13:38.629677	31	0	12	17
528	528	2020-03-23 08:55:38.626495	32	7	649	1
529	529	2020-03-23 08:55:38.626495	32	2	79	2
530	530	2020-03-23 08:55:38.626495	32	0	20	3
531	531	2020-03-23 08:55:38.626495	32	1	40	4
532	532	2020-03-23 08:55:38.626495	32	0	11	5
533	533	2020-03-23 08:55:38.626495	32	0	106	6
534	534	2020-03-23 08:55:38.626495	32	0	27	7
535	535	2020-03-23 08:55:38.626495	32	1	147	8
536	536	2020-03-23 08:55:38.626495	32	0	14	9
537	537	2020-03-23 08:55:38.626495	32	1	29	10
538	538	2020-03-23 08:55:38.626495	32	0	6	11
539	539	2020-03-23 08:55:38.626495	32	0	17	12
540	540	2020-03-23 08:55:38.626495	32	0	74	13
541	541	2020-03-23 08:55:38.626495	32	0	8	14
542	542	2020-03-23 08:55:38.626495	32	0	22	15
543	543	2020-03-23 08:55:38.626495	32	2	36	16
544	544	2020-03-23 08:55:38.626495	32	0	12	17
545	545	2020-03-23 11:43:58.628083	33	7	648	1
546	546	2020-03-23 11:43:58.628083	33	2	79	2
547	547	2020-03-23 11:43:58.628083	33	0	20	3
548	548	2020-03-23 11:43:58.628083	33	1	40	4
549	549	2020-03-23 11:43:58.628083	33	0	11	5
550	550	2020-03-23 11:43:58.628083	33	0	106	6
551	551	2020-03-23 11:43:58.628083	33	0	27	7
552	552	2020-03-23 11:43:58.628083	33	1	147	8
553	553	2020-03-23 11:43:58.628083	33	0	14	9
554	554	2020-03-23 11:43:58.628083	33	1	29	10
555	555	2020-03-23 11:43:58.628083	33	0	6	11
556	556	2020-03-23 11:43:58.628083	33	0	17	12
557	557	2020-03-23 11:43:58.628083	33	0	74	13
558	558	2020-03-23 11:43:58.628083	33	0	8	14
559	559	2020-03-23 11:43:58.628083	33	0	22	15
560	560	2020-03-23 11:43:58.628083	33	2	36	16
561	561	2020-03-23 11:43:58.628083	33	0	12	17
562	562	2020-03-23 13:04:27.016181	34	8	684	1
563	563	2020-03-23 13:04:27.016181	34	2	95	2
564	564	2020-03-23 13:04:27.016181	34	0	20	3
565	565	2020-03-23 13:04:27.016181	34	1	43	4
566	566	2020-03-23 13:04:27.016181	34	0	16	5
567	567	2020-03-23 13:04:27.016181	34	0	109	6
568	568	2020-03-23 13:04:27.016181	34	0	31	7
569	569	2020-03-23 13:04:27.016181	34	1	147	8
570	570	2020-03-23 13:04:27.016181	34	0	19	9
571	571	2020-03-23 13:04:27.016181	34	1	29	10
572	572	2020-03-23 13:04:27.016181	34	0	6	11
573	573	2020-03-23 13:04:27.016181	34	0	17	12
574	574	2020-03-23 13:04:27.016181	34	1	74	13
575	575	2020-03-23 13:04:27.016181	34	0	8	14
576	576	2020-03-23 13:04:27.016181	34	0	22	15
577	577	2020-03-23 13:04:27.016181	34	2	36	16
578	578	2020-03-23 13:04:27.016181	34	0	12	17
579	579	2020-03-23 16:54:38.635230	35	8	692	1
580	580	2020-03-23 16:54:38.635230	35	2	97	2
581	581	2020-03-23 16:54:38.635230	35	0	20	3
582	582	2020-03-23 16:54:38.635230	35	1	44	4
583	583	2020-03-23 16:54:38.635230	35	0	16	5
584	584	2020-03-23 16:54:38.635230	35	0	111	6
585	585	2020-03-23 16:54:38.635230	35	0	31	7
586	586	2020-03-23 16:54:38.635230	35	1	147	8
587	587	2020-03-23 16:54:38.635230	35	0	19	9
588	588	2020-03-23 16:54:38.635230	35	1	30	10
589	589	2020-03-23 16:54:38.635230	35	0	6	11
590	590	2020-03-23 16:54:38.635230	35	0	17	12
591	591	2020-03-23 16:54:38.635230	35	1	74	13
592	592	2020-03-23 16:54:38.635230	35	0	8	14
593	593	2020-03-23 16:54:38.635230	35	0	22	15
594	594	2020-03-23 16:54:38.635230	35	2	36	16
595	595	2020-03-23 16:54:38.635230	35	0	14	17
596	596	2020-03-23 20:34:47.015290	36	8	749	1
597	597	2020-03-23 20:34:47.015290	36	2	101	2
598	598	2020-03-23 20:34:47.015290	36	0	21	3
599	599	2020-03-23 20:34:47.015290	36	1	48	4
600	600	2020-03-23 20:34:47.015290	36	0	16	5
601	601	2020-03-23 20:34:47.015290	36	0	111	6
602	602	2020-03-23 20:34:47.015290	36	0	33	7
603	603	2020-03-23 20:34:47.015290	36	1	175	8
604	604	2020-03-23 20:34:47.015290	36	0	19	9
605	605	2020-03-23 20:34:47.015290	36	1	30	10
606	606	2020-03-23 20:34:47.015290	36	0	7	11
607	607	2020-03-23 20:34:47.015290	36	0	21	12
608	608	2020-03-23 20:34:47.015290	36	1	77	13
609	609	2020-03-23 20:34:47.015290	36	0	8	14
610	610	2020-03-23 20:34:47.015290	36	0	25	15
611	611	2020-03-23 20:34:47.015290	36	2	41	16
612	612	2020-03-23 20:34:47.015290	36	0	16	17
613	613	2020-03-23 20:35:38.636231	37	8	692	1
614	614	2020-03-23 20:35:38.636231	37	2	97	2
615	615	2020-03-23 20:35:38.636231	37	0	20	3
616	616	2020-03-23 20:35:38.636231	37	1	44	4
617	617	2020-03-23 20:35:38.636231	37	0	16	5
618	618	2020-03-23 20:35:38.636231	37	0	111	6
619	619	2020-03-23 20:35:38.636231	37	0	31	7
620	620	2020-03-23 20:35:38.636231	37	1	147	8
621	621	2020-03-23 20:35:38.636231	37	0	19	9
622	622	2020-03-23 20:35:38.636231	37	1	30	10
623	623	2020-03-23 20:35:38.636231	37	0	6	11
624	624	2020-03-23 20:35:38.636231	37	0	17	12
625	625	2020-03-23 20:35:38.636231	37	1	74	13
626	626	2020-03-23 20:35:38.636231	37	0	8	14
627	627	2020-03-23 20:35:38.636231	37	0	22	15
628	628	2020-03-23 20:35:38.636231	37	2	36	16
629	629	2020-03-23 20:35:38.636231	37	0	14	17
630	630	2020-03-23 20:36:07.015534	38	8	749	1
631	631	2020-03-23 20:36:07.015534	38	2	101	2
632	632	2020-03-23 20:36:07.015534	38	0	21	3
633	633	2020-03-23 20:36:07.015534	38	1	48	4
634	634	2020-03-23 20:36:07.015534	38	0	16	5
635	635	2020-03-23 20:36:07.015534	38	0	111	6
636	636	2020-03-23 20:36:07.015534	38	0	33	7
637	637	2020-03-23 20:36:07.015534	38	1	175	8
638	638	2020-03-23 20:36:07.015534	38	0	19	9
639	639	2020-03-23 20:36:07.015534	38	1	30	10
640	640	2020-03-23 20:36:07.015534	38	0	7	11
641	641	2020-03-23 20:36:07.015534	38	0	21	12
642	642	2020-03-23 20:36:07.015534	38	1	77	13
643	643	2020-03-23 20:36:07.015534	38	0	8	14
644	644	2020-03-23 20:36:07.015534	38	0	25	15
645	645	2020-03-23 20:36:07.015534	38	2	41	16
646	646	2020-03-23 20:36:07.015534	38	0	16	17
647	647	2020-03-24 20:31:27.829010	39	10	901	1
648	648	2020-03-24 20:31:27.829010	39	2	134	2
649	649	2020-03-24 20:31:27.829010	39	0	22	3
650	650	2020-03-24 20:31:27.829010	39	2	54	4
651	651	2020-03-24 20:31:27.829010	39	0	21	5
652	652	2020-03-24 20:31:27.829010	39	0	129	6
653	653	2020-03-24 20:31:27.829010	39	0	49	7
654	654	2020-03-24 20:31:27.829010	39	1	212	8
655	655	2020-03-24 20:31:27.829010	39	0	21	9
656	656	2020-03-24 20:31:27.829010	39	1	37	10
657	657	2020-03-24 20:31:27.829010	39	0	7	11
658	658	2020-03-24 20:31:27.829010	39	0	22	12
659	659	2020-03-24 20:31:27.829010	39	2	87	13
660	660	2020-03-24 20:31:27.829010	39	0	8	14
661	661	2020-03-24 20:31:27.829010	39	0	29	15
662	662	2020-03-24 20:31:27.829010	39	2	42	16
663	663	2020-03-24 20:31:27.829010	39	0	27	17
664	664	2020-03-24 20:32:46.535700	40	10	884	1
665	665	2020-03-24 20:32:46.535700	40	2	117	2
666	666	2020-03-24 20:32:46.535700	40	0	22	3
667	667	2020-03-24 20:32:46.535700	40	2	54	4
668	668	2020-03-24 20:32:46.535700	40	0	21	5
669	669	2020-03-24 20:32:46.535700	40	0	129	6
670	670	2020-03-24 20:32:46.535700	40	0	49	7
671	671	2020-03-24 20:32:46.535700	40	1	212	8
672	672	2020-03-24 20:32:46.535700	40	0	21	9
673	673	2020-03-24 20:32:46.535700	40	1	37	10
674	674	2020-03-24 20:32:46.535700	40	0	7	11
675	675	2020-03-24 20:32:46.535700	40	0	22	12
676	676	2020-03-24 20:32:46.535700	40	2	87	13
677	677	2020-03-24 20:32:46.535700	40	0	8	14
678	678	2020-03-24 20:32:46.535700	40	0	29	15
679	679	2020-03-24 20:32:46.535700	40	2	42	16
680	680	2020-03-24 20:32:46.535700	40	0	27	17
681	681	2020-03-24 20:33:26.369083	41	10	901	1
682	682	2020-03-24 20:33:26.369083	41	2	134	2
683	683	2020-03-24 20:33:26.369083	41	0	22	3
684	684	2020-03-24 20:33:26.369083	41	2	54	4
685	685	2020-03-24 20:33:26.369083	41	0	21	5
686	686	2020-03-24 20:33:26.369083	41	0	129	6
687	687	2020-03-24 20:33:26.369083	41	0	49	7
688	688	2020-03-24 20:33:26.369083	41	1	212	8
689	689	2020-03-24 20:33:26.369083	41	0	21	9
690	690	2020-03-24 20:33:26.369083	41	1	37	10
691	691	2020-03-24 20:33:26.369083	41	0	7	11
692	692	2020-03-24 20:33:26.369083	41	0	22	12
693	693	2020-03-24 20:33:26.369083	41	2	87	13
694	694	2020-03-24 20:33:26.369083	41	0	8	14
695	695	2020-03-24 20:33:26.369083	41	0	29	15
696	696	2020-03-24 20:33:26.369083	41	2	42	16
697	697	2020-03-24 20:33:26.369083	41	0	27	17
698	698	2020-03-24 20:34:46.437289	42	10	884	1
699	699	2020-03-24 20:34:46.437289	42	2	117	2
700	700	2020-03-24 20:34:46.437289	42	0	22	3
701	701	2020-03-24 20:34:46.437289	42	2	54	4
702	702	2020-03-24 20:34:46.437289	42	0	21	5
703	703	2020-03-24 20:34:46.437289	42	0	129	6
704	704	2020-03-24 20:34:46.437289	42	0	49	7
705	705	2020-03-24 20:34:46.437289	42	1	212	8
706	706	2020-03-24 20:34:46.437289	42	0	21	9
707	707	2020-03-24 20:34:46.437289	42	1	37	10
708	708	2020-03-24 20:34:46.437289	42	0	7	11
709	709	2020-03-24 20:34:46.437289	42	0	22	12
710	710	2020-03-24 20:34:46.437289	42	2	87	13
711	711	2020-03-24 20:34:46.437289	42	0	8	14
712	712	2020-03-24 20:34:46.437289	42	0	29	15
713	713	2020-03-24 20:34:46.437289	42	2	42	16
714	714	2020-03-24 20:34:46.437289	42	0	27	17
715	715	2020-03-24 20:36:06.372660	43	10	901	1
716	716	2020-03-24 20:36:06.372660	43	2	134	2
717	717	2020-03-24 20:36:06.372660	43	0	22	3
718	718	2020-03-24 20:36:06.372660	43	2	54	4
719	719	2020-03-24 20:36:06.372660	43	0	21	5
720	720	2020-03-24 20:36:06.372660	43	0	129	6
721	721	2020-03-24 20:36:06.372660	43	0	49	7
722	722	2020-03-24 20:36:06.372660	43	1	212	8
723	723	2020-03-24 20:36:06.372660	43	0	21	9
724	724	2020-03-24 20:36:06.372660	43	1	37	10
725	725	2020-03-24 20:36:06.372660	43	0	7	11
726	726	2020-03-24 20:36:06.372660	43	0	22	12
727	727	2020-03-24 20:36:06.372660	43	2	87	13
728	728	2020-03-24 20:36:06.372660	43	0	8	14
729	729	2020-03-24 20:36:06.372660	43	0	29	15
730	730	2020-03-24 20:36:06.372660	43	2	42	16
731	731	2020-03-24 20:36:06.372660	43	0	27	17
732	732	2020-03-25 08:03:06.264298	44	12	927	1
733	733	2020-03-25 08:03:06.264298	44	4	134	2
734	734	2020-03-25 08:03:06.264298	44	0	22	3
735	735	2020-03-25 08:03:06.264298	44	2	58	4
736	736	2020-03-25 08:03:06.264298	44	0	21	5
737	737	2020-03-25 08:03:06.264298	44	0	129	6
738	738	2020-03-25 08:03:06.264298	44	0	50	7
739	739	2020-03-25 08:03:06.264298	44	1	212	8
740	740	2020-03-25 08:03:06.264298	44	0	21	9
741	741	2020-03-25 08:03:06.264298	44	1	39	10
742	742	2020-03-25 08:03:06.264298	44	0	7	11
743	743	2020-03-25 08:03:06.264298	44	0	22	12
744	744	2020-03-25 08:03:06.264298	44	2	96	13
745	745	2020-03-25 08:03:06.264298	44	0	8	14
746	746	2020-03-25 08:03:06.264298	44	0	32	15
747	747	2020-03-25 08:03:06.264298	44	2	46	16
748	748	2020-03-25 08:03:06.264298	44	0	30	17
749	749	2020-03-25 08:04:26.253201	45	10	901	1
750	750	2020-03-25 08:04:26.253201	45	2	134	2
751	751	2020-03-25 08:04:26.253201	45	0	22	3
752	752	2020-03-25 08:04:26.253201	45	2	54	4
753	753	2020-03-25 08:04:26.253201	45	0	21	5
754	754	2020-03-25 08:04:26.253201	45	0	129	6
755	755	2020-03-25 08:04:26.253201	45	0	49	7
756	756	2020-03-25 08:04:26.253201	45	1	212	8
757	757	2020-03-25 08:04:26.253201	45	0	21	9
758	758	2020-03-25 08:04:26.253201	45	1	37	10
759	759	2020-03-25 08:04:26.253201	45	0	7	11
760	760	2020-03-25 08:04:26.253201	45	0	22	12
761	761	2020-03-25 08:04:26.253201	45	2	87	13
762	762	2020-03-25 08:04:26.253201	45	0	8	14
763	763	2020-03-25 08:04:26.253201	45	0	29	15
764	764	2020-03-25 08:04:26.253201	45	2	42	16
765	765	2020-03-25 08:04:26.253201	45	0	27	17
766	766	2020-03-25 08:07:46.194404	46	12	927	1
767	767	2020-03-25 08:07:46.194404	46	4	134	2
768	768	2020-03-25 08:07:46.194404	46	0	22	3
769	769	2020-03-25 08:07:46.194404	46	2	58	4
770	770	2020-03-25 08:07:46.194404	46	0	21	5
771	771	2020-03-25 08:07:46.194404	46	0	129	6
772	772	2020-03-25 08:07:46.194404	46	0	50	7
773	773	2020-03-25 08:07:46.194404	46	1	212	8
774	774	2020-03-25 08:07:46.194404	46	0	21	9
775	775	2020-03-25 08:07:46.194404	46	1	39	10
776	776	2020-03-25 08:07:46.194404	46	0	7	11
777	777	2020-03-25 08:07:46.194404	46	0	22	12
778	778	2020-03-25 08:07:46.194404	46	2	96	13
779	779	2020-03-25 08:07:46.194404	46	0	8	14
780	780	2020-03-25 08:07:46.194404	46	0	32	15
781	781	2020-03-25 08:07:46.194404	46	2	46	16
782	782	2020-03-25 08:07:46.194404	46	0	30	17
783	783	2020-03-25 12:50:06.229896	47	13	957	1
784	784	2020-03-25 12:50:06.229896	47	5	145	2
785	785	2020-03-25 12:50:06.229896	47	0	24	3
786	786	2020-03-25 12:50:06.229896	47	2	61	4
787	787	2020-03-25 12:50:06.229896	47	0	20	5
788	788	2020-03-25 12:50:06.229896	47	0	129	6
789	789	2020-03-25 12:50:06.229896	47	0	51	7
790	790	2020-03-25 12:50:06.229896	47	1	212	8
791	791	2020-03-25 12:50:06.229896	47	0	22	9
792	792	2020-03-25 12:50:06.229896	47	1	43	10
793	793	2020-03-25 12:50:06.229896	47	0	7	11
794	794	2020-03-25 12:50:06.229896	47	0	22	12
795	795	2020-03-25 12:50:06.229896	47	2	98	13
796	796	2020-03-25 12:50:06.229896	47	0	8	14
797	797	2020-03-25 12:50:06.229896	47	0	33	15
798	798	2020-03-25 12:50:06.229896	47	2	53	16
799	799	2020-03-25 12:50:06.229896	47	0	29	17
800	800	2020-03-25 17:18:06.223171	48	14	1031	1
801	801	2020-03-25 17:18:06.223171	48	5	150	2
802	802	2020-03-25 17:18:06.223171	48	0	24	3
803	803	2020-03-25 17:18:06.223171	48	2	61	4
804	804	2020-03-25 17:18:06.223171	48	0	20	5
805	805	2020-03-25 17:18:06.223171	48	0	144	6
806	806	2020-03-25 17:18:06.223171	48	0	52	7
807	807	2020-03-25 17:18:06.223171	48	1	251	8
808	808	2020-03-25 17:18:06.223171	48	0	23	9
809	809	2020-03-25 17:18:06.223171	48	1	43	10
810	810	2020-03-25 17:18:06.223171	48	0	9	11
811	811	2020-03-25 17:18:06.223171	48	0	22	12
812	812	2020-03-25 17:18:06.223171	48	2	102	13
813	813	2020-03-25 17:18:06.223171	48	1	12	14
814	814	2020-03-25 17:18:06.223171	48	0	33	15
815	815	2020-03-25 17:18:06.223171	48	2	55	16
816	816	2020-03-25 17:18:06.223171	48	0	30	17
817	817	2020-03-25 17:19:26.204836	49	13	957	1
818	818	2020-03-25 17:19:26.204836	49	5	145	2
819	819	2020-03-25 17:19:26.204836	49	0	24	3
820	820	2020-03-25 17:19:26.204836	49	2	61	4
821	821	2020-03-25 17:19:26.204836	49	0	20	5
822	822	2020-03-25 17:19:26.204836	49	0	129	6
823	823	2020-03-25 17:19:26.204836	49	0	51	7
824	824	2020-03-25 17:19:26.204836	49	1	212	8
825	825	2020-03-25 17:19:26.204836	49	0	22	9
826	826	2020-03-25 17:19:26.204836	49	1	43	10
827	827	2020-03-25 17:19:26.204836	49	0	7	11
828	828	2020-03-25 17:19:26.204836	49	0	22	12
829	829	2020-03-25 17:19:26.204836	49	2	98	13
830	830	2020-03-25 17:19:26.204836	49	0	8	14
831	831	2020-03-25 17:19:26.204836	49	0	33	15
832	832	2020-03-25 17:19:26.204836	49	2	53	16
833	833	2020-03-25 17:19:26.204836	49	0	29	17
834	834	2020-03-25 17:20:46.195585	50	14	1031	1
835	835	2020-03-25 17:20:46.195585	50	5	150	2
836	836	2020-03-25 17:20:46.195585	50	0	24	3
837	837	2020-03-25 17:20:46.195585	50	2	61	4
838	838	2020-03-25 17:20:46.195585	50	0	20	5
839	839	2020-03-25 17:20:46.195585	50	0	144	6
840	840	2020-03-25 17:20:46.195585	50	0	52	7
841	841	2020-03-25 17:20:46.195585	50	1	251	8
842	842	2020-03-25 17:20:46.195585	50	0	23	9
843	843	2020-03-25 17:20:46.195585	50	1	43	10
844	844	2020-03-25 17:20:46.195585	50	0	9	11
845	845	2020-03-25 17:20:46.195585	50	0	22	12
846	846	2020-03-25 17:20:46.195585	50	2	102	13
847	847	2020-03-25 17:20:46.195585	50	1	12	14
848	848	2020-03-25 17:20:46.195585	50	0	33	15
849	849	2020-03-25 17:20:46.195585	50	2	55	16
850	850	2020-03-25 17:20:46.195585	50	0	30	17
851	851	2020-03-25 19:41:26.227701	51	14	1051	1
852	852	2020-03-25 19:41:26.227701	51	5	150	2
853	853	2020-03-25 19:41:26.227701	51	0	27	3
854	854	2020-03-25 19:41:26.227701	51	2	63	4
855	855	2020-03-25 19:41:26.227701	51	0	20	5
856	856	2020-03-25 19:41:26.227701	51	0	144	6
857	857	2020-03-25 19:41:26.227701	51	0	56	7
858	858	2020-03-25 19:41:26.227701	51	1	251	8
859	859	2020-03-25 19:41:26.227701	51	0	23	9
860	860	2020-03-25 19:41:26.227701	51	1	43	10
861	861	2020-03-25 19:41:26.227701	51	0	10	11
862	862	2020-03-25 19:41:26.227701	51	0	22	12
863	863	2020-03-25 19:41:26.227701	51	2	107	13
864	864	2020-03-25 19:41:26.227701	51	1	14	14
865	865	2020-03-25 19:41:26.227701	51	0	33	15
866	866	2020-03-25 19:41:26.227701	51	2	57	16
867	867	2020-03-25 19:41:26.227701	51	0	31	17
868	868	2020-03-26 08:39:26.292540	52	15	1085	1
869	869	2020-03-26 08:39:26.292540	52	5	150	2
870	870	2020-03-26 08:39:26.292540	52	0	31	3
871	871	2020-03-26 08:39:26.292540	52	2	72	4
872	872	2020-03-26 08:39:26.292540	52	0	20	5
873	873	2020-03-26 08:39:26.292540	52	0	144	6
874	874	2020-03-26 08:39:26.292540	52	0	59	7
875	875	2020-03-26 08:39:26.292540	52	1	251	8
876	876	2020-03-26 08:39:26.292540	52	0	23	9
877	877	2020-03-26 08:39:26.292540	52	1	44	10
878	878	2020-03-26 08:39:26.292540	52	0	10	11
879	879	2020-03-26 08:39:26.292540	52	0	25	12
880	880	2020-03-26 08:39:26.292540	52	2	113	13
881	881	2020-03-26 08:39:26.292540	52	1	15	14
882	882	2020-03-26 08:39:26.292540	52	0	36	15
883	883	2020-03-26 08:39:26.292540	52	2	60	16
884	884	2020-03-26 08:39:26.292540	52	1	32	17
885	885	2020-03-26 08:40:06.217071	53	14	1051	1
886	886	2020-03-26 08:40:06.217071	53	5	150	2
887	887	2020-03-26 08:40:06.217071	53	0	27	3
888	888	2020-03-26 08:40:06.217071	53	2	63	4
889	889	2020-03-26 08:40:06.217071	53	0	20	5
890	890	2020-03-26 08:40:06.217071	53	0	144	6
891	891	2020-03-26 08:40:06.217071	53	0	56	7
892	892	2020-03-26 08:40:06.217071	53	1	251	8
893	893	2020-03-26 08:40:06.217071	53	0	23	9
894	894	2020-03-26 08:40:06.217071	53	1	43	10
895	895	2020-03-26 08:40:06.217071	53	0	10	11
896	896	2020-03-26 08:40:06.217071	53	0	22	12
897	897	2020-03-26 08:40:06.217071	53	2	107	13
898	898	2020-03-26 08:40:06.217071	53	1	14	14
899	899	2020-03-26 08:40:06.217071	53	0	33	15
900	900	2020-03-26 08:40:06.217071	53	2	57	16
901	901	2020-03-26 08:40:06.217071	53	0	31	17
902	902	2020-03-26 08:40:46.261346	54	15	1085	1
903	903	2020-03-26 08:40:46.261346	54	5	150	2
904	904	2020-03-26 08:40:46.261346	54	0	31	3
905	905	2020-03-26 08:40:46.261346	54	2	72	4
906	906	2020-03-26 08:40:46.261346	54	0	20	5
907	907	2020-03-26 08:40:46.261346	54	0	144	6
908	908	2020-03-26 08:40:46.261346	54	0	59	7
909	909	2020-03-26 08:40:46.261346	54	1	251	8
910	910	2020-03-26 08:40:46.261346	54	0	23	9
911	911	2020-03-26 08:40:46.261346	54	1	44	10
912	912	2020-03-26 08:40:46.261346	54	0	10	11
913	913	2020-03-26 08:40:46.261346	54	0	25	12
914	914	2020-03-26 08:40:46.261346	54	2	113	13
915	915	2020-03-26 08:40:46.261346	54	1	15	14
916	916	2020-03-26 08:40:46.261346	54	0	36	15
917	917	2020-03-26 08:40:46.261346	54	2	60	16
918	918	2020-03-26 08:40:46.261346	54	1	32	17
919	919	2020-03-26 08:42:06.849891	55	14	1051	1
920	920	2020-03-26 08:42:06.849891	55	5	150	2
921	921	2020-03-26 08:42:06.849891	55	0	27	3
922	922	2020-03-26 08:42:06.849891	55	2	63	4
923	923	2020-03-26 08:42:06.849891	55	0	20	5
924	924	2020-03-26 08:42:06.849891	55	0	144	6
925	925	2020-03-26 08:42:06.849891	55	0	56	7
926	926	2020-03-26 08:42:06.849891	55	1	251	8
927	927	2020-03-26 08:42:06.849891	55	0	23	9
928	928	2020-03-26 08:42:06.849891	55	1	43	10
929	929	2020-03-26 08:42:06.849891	55	0	10	11
930	930	2020-03-26 08:42:06.849891	55	0	22	12
931	931	2020-03-26 08:42:06.849891	55	2	107	13
932	932	2020-03-26 08:42:06.849891	55	1	14	14
933	933	2020-03-26 08:42:06.849891	55	0	33	15
934	934	2020-03-26 08:42:06.849891	55	2	57	16
935	935	2020-03-26 08:42:06.849891	55	0	31	17
936	936	2020-03-26 08:42:46.236487	56	15	1085	1
937	937	2020-03-26 08:42:46.236487	56	5	150	2
938	938	2020-03-26 08:42:46.236487	56	0	31	3
939	939	2020-03-26 08:42:46.236487	56	2	72	4
940	940	2020-03-26 08:42:46.236487	56	0	20	5
941	941	2020-03-26 08:42:46.236487	56	0	144	6
942	942	2020-03-26 08:42:46.236487	56	0	59	7
943	943	2020-03-26 08:42:46.236487	56	1	251	8
944	944	2020-03-26 08:42:46.236487	56	0	23	9
945	945	2020-03-26 08:42:46.236487	56	1	44	10
946	946	2020-03-26 08:42:46.236487	56	0	10	11
947	947	2020-03-26 08:42:46.236487	56	0	25	12
948	948	2020-03-26 08:42:46.236487	56	2	113	13
949	949	2020-03-26 08:42:46.236487	56	1	15	14
950	950	2020-03-26 08:42:46.236487	56	0	36	15
951	951	2020-03-26 08:42:46.236487	56	2	60	16
952	952	2020-03-26 08:42:46.236487	56	1	32	17
953	953	2020-03-26 08:43:26.249993	57	14	1051	1
954	954	2020-03-26 08:43:26.249993	57	5	150	2
955	955	2020-03-26 08:43:26.249993	57	0	27	3
956	956	2020-03-26 08:43:26.249993	57	2	63	4
957	957	2020-03-26 08:43:26.249993	57	0	20	5
958	958	2020-03-26 08:43:26.249993	57	0	144	6
959	959	2020-03-26 08:43:26.249993	57	0	56	7
960	960	2020-03-26 08:43:26.249993	57	1	251	8
961	961	2020-03-26 08:43:26.249993	57	0	23	9
962	962	2020-03-26 08:43:26.249993	57	1	43	10
963	963	2020-03-26 08:43:26.249993	57	0	10	11
964	964	2020-03-26 08:43:26.249993	57	0	22	12
965	965	2020-03-26 08:43:26.249993	57	2	107	13
966	966	2020-03-26 08:43:26.249993	57	1	14	14
967	967	2020-03-26 08:43:26.249993	57	0	33	15
968	968	2020-03-26 08:43:26.249993	57	2	57	16
969	969	2020-03-26 08:43:26.249993	57	0	31	17
970	970	2020-03-26 08:43:46.685009	58	15	1085	1
971	971	2020-03-26 08:43:46.685009	58	5	150	2
972	972	2020-03-26 08:43:46.685009	58	0	31	3
973	973	2020-03-26 08:43:46.685009	58	2	72	4
974	974	2020-03-26 08:43:46.685009	58	0	20	5
975	975	2020-03-26 08:43:46.685009	58	0	144	6
976	976	2020-03-26 08:43:46.685009	58	0	59	7
977	977	2020-03-26 08:43:46.685009	58	1	251	8
978	978	2020-03-26 08:43:46.685009	58	0	23	9
979	979	2020-03-26 08:43:46.685009	58	1	44	10
980	980	2020-03-26 08:43:46.685009	58	0	10	11
981	981	2020-03-26 08:43:46.685009	58	0	25	12
982	982	2020-03-26 08:43:46.685009	58	2	113	13
983	983	2020-03-26 08:43:46.685009	58	1	15	14
984	984	2020-03-26 08:43:46.685009	58	0	36	15
985	985	2020-03-26 08:43:46.685009	58	2	60	16
986	986	2020-03-26 08:43:46.685009	58	1	32	17
987	987	2020-03-26 10:55:26.222745	59	14	1085	1
988	988	2020-03-26 10:55:26.222745	59	4	150	2
989	989	2020-03-26 10:55:26.222745	59	0	31	3
990	990	2020-03-26 10:55:26.222745	59	2	72	4
991	991	2020-03-26 10:55:26.222745	59	0	20	5
992	992	2020-03-26 10:55:26.222745	59	0	144	6
993	993	2020-03-26 10:55:26.222745	59	0	59	7
994	994	2020-03-26 10:55:26.222745	59	1	251	8
995	995	2020-03-26 10:55:26.222745	59	0	23	9
996	996	2020-03-26 10:55:26.222745	59	1	44	10
997	997	2020-03-26 10:55:26.222745	59	0	10	11
998	998	2020-03-26 10:55:26.222745	59	0	25	12
999	999	2020-03-26 10:55:26.222745	59	2	113	13
1000	1000	2020-03-26 10:55:26.222745	59	1	15	14
1001	1001	2020-03-26 10:55:26.222745	59	0	36	15
1002	1002	2020-03-26 10:55:26.222745	59	2	60	16
1003	1003	2020-03-26 10:55:26.222745	59	1	32	17
1004	1004	2020-03-26 10:57:26.213668	60	15	1085	1
1005	1005	2020-03-26 10:57:26.213668	60	5	150	2
1006	1006	2020-03-26 10:57:26.213668	60	0	31	3
1007	1007	2020-03-26 10:57:26.213668	60	2	72	4
1008	1008	2020-03-26 10:57:26.213668	60	0	20	5
1009	1009	2020-03-26 10:57:26.213668	60	0	144	6
1010	1010	2020-03-26 10:57:26.213668	60	0	59	7
1011	1011	2020-03-26 10:57:26.213668	60	1	251	8
1012	1012	2020-03-26 10:57:26.213668	60	0	23	9
1013	1013	2020-03-26 10:57:26.213668	60	1	44	10
1014	1014	2020-03-26 10:57:26.213668	60	0	10	11
1015	1015	2020-03-26 10:57:26.213668	60	0	25	12
1016	1016	2020-03-26 10:57:26.213668	60	2	113	13
1017	1017	2020-03-26 10:57:26.213668	60	1	15	14
1018	1018	2020-03-26 10:57:26.213668	60	0	36	15
1019	1019	2020-03-26 10:57:26.213668	60	2	60	16
1020	1020	2020-03-26 10:57:26.213668	60	1	32	17
1021	1021	2020-03-26 10:58:06.259914	61	14	1085	1
1022	1022	2020-03-26 10:58:06.259914	61	4	150	2
1023	1023	2020-03-26 10:58:06.259914	61	0	31	3
1024	1024	2020-03-26 10:58:06.259914	61	2	72	4
1025	1025	2020-03-26 10:58:06.259914	61	0	20	5
1026	1026	2020-03-26 10:58:06.259914	61	0	144	6
1027	1027	2020-03-26 10:58:06.259914	61	0	59	7
1028	1028	2020-03-26 10:58:06.259914	61	1	251	8
1029	1029	2020-03-26 10:58:06.259914	61	0	23	9
1030	1030	2020-03-26 10:58:06.259914	61	1	44	10
1031	1031	2020-03-26 10:58:06.259914	61	0	10	11
1032	1032	2020-03-26 10:58:06.259914	61	0	25	12
1033	1033	2020-03-26 10:58:06.259914	61	2	113	13
1034	1034	2020-03-26 10:58:06.259914	61	1	15	14
1035	1035	2020-03-26 10:58:06.259914	61	0	36	15
1036	1036	2020-03-26 10:58:06.259914	61	2	60	16
1037	1037	2020-03-26 10:58:06.259914	61	1	32	17
1038	1038	2020-03-26 13:14:06.225776	62	14	1120	1
1039	1039	2020-03-26 13:14:06.225776	62	4	157	2
1040	1040	2020-03-26 13:14:06.225776	62	0	31	3
1041	1041	2020-03-26 13:14:06.225776	62	2	72	4
1042	1042	2020-03-26 13:14:06.225776	62	0	20	5
1043	1043	2020-03-26 13:14:06.225776	62	0	158	6
1044	1044	2020-03-26 13:14:06.225776	62	0	63	7
1045	1045	2020-03-26 13:14:06.225776	62	1	251	8
1046	1046	2020-03-26 13:14:06.225776	62	0	24	9
1047	1047	2020-03-26 13:14:06.225776	62	1	45	10
1048	1048	2020-03-26 13:14:06.225776	62	0	10	11
1049	1049	2020-03-26 13:14:06.225776	62	0	25	12
1050	1050	2020-03-26 13:14:06.225776	62	2	117	13
1051	1051	2020-03-26 13:14:06.225776	62	1	15	14
1052	1052	2020-03-26 13:14:06.225776	62	0	36	15
1053	1053	2020-03-26 13:14:06.225776	62	2	64	16
1054	1054	2020-03-26 13:14:06.225776	62	1	32	17
1055	1055	2020-03-26 13:14:46.206936	63	14	1085	1
1056	1056	2020-03-26 13:14:46.206936	63	4	150	2
1057	1057	2020-03-26 13:14:46.206936	63	0	31	3
1058	1058	2020-03-26 13:14:46.206936	63	2	72	4
1059	1059	2020-03-26 13:14:46.206936	63	0	20	5
1060	1060	2020-03-26 13:14:46.206936	63	0	144	6
1061	1061	2020-03-26 13:14:46.206936	63	0	59	7
1062	1062	2020-03-26 13:14:46.206936	63	1	251	8
1063	1063	2020-03-26 13:14:46.206936	63	0	23	9
1064	1064	2020-03-26 13:14:46.206936	63	1	44	10
1065	1065	2020-03-26 13:14:46.206936	63	0	10	11
1066	1066	2020-03-26 13:14:46.206936	63	0	25	12
1067	1067	2020-03-26 13:14:46.206936	63	2	113	13
1068	1068	2020-03-26 13:14:46.206936	63	1	15	14
1069	1069	2020-03-26 13:14:46.206936	63	0	36	15
1070	1070	2020-03-26 13:14:46.206936	63	2	60	16
1071	1071	2020-03-26 13:14:46.206936	63	1	32	17
1072	1072	2020-03-26 13:15:26.220809	64	14	1120	1
1073	1073	2020-03-26 13:15:26.220809	64	4	157	2
1074	1074	2020-03-26 13:15:26.220809	64	0	31	3
1075	1075	2020-03-26 13:15:26.220809	64	2	72	4
1076	1076	2020-03-26 13:15:26.220809	64	0	20	5
1077	1077	2020-03-26 13:15:26.220809	64	0	158	6
1078	1078	2020-03-26 13:15:26.220809	64	0	63	7
1079	1079	2020-03-26 13:15:26.220809	64	1	251	8
1080	1080	2020-03-26 13:15:26.220809	64	0	24	9
1081	1081	2020-03-26 13:15:26.220809	64	1	45	10
1082	1082	2020-03-26 13:15:26.220809	64	0	10	11
1083	1083	2020-03-26 13:15:26.220809	64	0	25	12
1084	1084	2020-03-26 13:15:26.220809	64	2	117	13
1085	1085	2020-03-26 13:15:26.220809	64	1	15	14
1086	1086	2020-03-26 13:15:26.220809	64	0	36	15
1087	1087	2020-03-26 13:15:26.220809	64	2	64	16
1088	1088	2020-03-26 13:15:26.220809	64	1	32	17
